id,timestamp,equipment_id,temperature_celsius,vibration_mm_s,health_status
1,2026-09-28 11:04:24.146133,MTR-001,75.06,2.2,Optimal
2,2026-09-28 11:04:25.658712,MTR-001,73.69,2.43,Optimal
3,2026-09-28 11:04:27.657820,MTR-001,73.5,2.31,Optimal
4,2026-09-28 11:04:29.667266,MTR-001,75.47,2.32,Optimal
5,2026-09-28 11:04:31.662266,MTR-001,75.82,2.5,Optimal
6,2026-09-28 11:04:33.656514,MTR-001,74.89,2.77,Optimal
7,2026-09-28 11:04:33.920614,MTR-001,76.2,2.81,Optimal
8,2026-09-28 11:04:33.958008,MTR-001,76.11,2.89,Optimal
9,2026-09-28 11:04:35.929635,MTR-001,74.78,2.81,Optimal
10,2026-09-28 11:04:37.936237,MTR-001,75.65,2.84,Optimal
11,2026-09-28 11:04:39.922173,MTR-001,77.19,3.02,Optimal
12,2026-09-28 11:04:41.923930,MTR-001,76.41,2.96,Optimal
13,2026-09-28 11:04:43.926828,MTR-001,76.89,3.23,Optimal
14,2026-09-28 11:04:45.927133,MTR-001,76.92,3.05,Optimal
15,2026-09-28 11:04:47.926286,MTR-001,76.69,3.07,Optimal
16,2026-09-28 11:04:49.923389,MTR-001,78.06,3.37,Optimal
17,2026-09-28 11:04:51.922473,MTR-001,78.45,3.17,Optimal
18,2026-09-28 11:04:54.139511,MTR-001,79.04,3.28,Optimal
19,2026-09-28 11:04:56.134952,MTR-001,78.66,3.46,Optimal
20,2026-09-28 11:04:58.141537,MTR-001,77.53,3.33,Optimal
21,2026-09-28 11:05:00.129991,MTR-001,78.47,3.4,Optimal
22,2026-09-28 11:05:02.132530,MTR-001,78.84,3.29,Optimal
23,2026-09-28 11:05:04.140224,MTR-001,78.26,3.46,Optimal
24,2026-09-28 11:05:06.124198,MTR-001,78.88,3.63,Optimal
25,2026-09-28 11:05:08.122178,MTR-001,80.74,3.77,Optimal
26,2026-09-28 11:05:10.133017,MTR-001,79.48,3.6,Optimal
27,2026-09-28 11:05:12.123555,MTR-001,81.0,3.41,Optimal
28,2026-09-28 11:05:14.133967,MTR-001,82.12,3.28,Optimal
29,2026-09-28 11:05:16.131216,MTR-001,83.66,3.36,Optimal
30,2026-09-28 11:05:18.135142,MTR-001,82.36,3.37,Optimal
31,2026-09-28 11:05:20.144972,MTR-001,81.07,3.61,Optimal
32,2026-09-28 11:05:22.239525,MTR-001,79.93,3.52,Optimal
33,2026-09-28 11:05:24.177310,MTR-001,81.7,3.57,Optimal
34,2026-09-28 11:05:26.162173,MTR-001,80.93,3.78,Optimal
35,2026-09-28 11:05:28.658973,MTR-001,81.35,3.92,Optimal
36,2026-09-28 11:05:30.154346,MTR-001,83.34,4.01,Optimal
37,2026-09-28 11:05:32.463498,MTR-001,84.74,3.96,Optimal
38,2026-09-28 11:05:34.130423,MTR-001,83.48,4.21,Optimal
39,2026-09-28 11:05:36.343283,MTR-001,83.0,4.48,Optimal
40,2026-09-28 11:05:38.119771,MTR-001,81.93,4.54,Warning: High Risk
41,2026-09-28 11:05:40.135370,MTR-001,83.93,4.48,Optimal
42,2026-09-28 11:05:42.134743,MTR-001,84.57,4.4,Optimal
43,2026-09-28 11:05:44.158671,MTR-001,83.27,4.41,Optimal
44,2026-09-28 11:05:46.128963,MTR-001,83.73,4.6,Warning: High Risk
45,2026-09-28 11:05:48.125157,MTR-001,82.88,4.64,Warning: High Risk
46,2026-09-28 11:05:50.131788,MTR-001,81.98,4.46,Optimal
47,2026-09-28 11:05:52.132748,MTR-001,81.74,4.44,Optimal
48,2026-09-28 11:06:43.129375,MTR-001,82.4,4.28,Optimal
49,2026-09-28 11:25:33.188780,MTR-001,76.4,1.84,Optimal
50,2026-09-28 11:25:33.259834,MTR-001,75.88,1.88,Optimal
51,2026-09-28 11:25:35.132538,MTR-001,77.66,2.12,Optimal
52,2026-09-28 11:25:37.117240,MTR-001,77.45,2.13,Optimal
53,2026-09-28 11:25:39.130779,MTR-001,77.88,2.35,Optimal
